id,nombre,pasaporte,fecha_nacimiento
1,Mark Greene,V03976673,09-12-1998
2,Kevin Wilson,N07672370,11-09-1986
3,Kelsey Powell,I07581924,10-07-1989
4,Christopher Garcia,I19062847,06-12-1986
5,Kristen Harris,F15206543,25-11-1972
6,Cheryl Bolton,L56496275,16-12-1972
7,Kelsey Huff,P34583903,08-08-1972
8,Victoria Odom,X66304032,04-12-1986
9,Ethan Gilbert,H23592194,30-12-1975
10,Mr. Russell Abbott,X84322989,16-11-1984
11,Diana Frank,C87025090,07-12-1979
12,Anthony Francis,G15489494,13-02-1988
13,Heather Bolton,L87663260,17-09-1982
14,Andrew Torres,J46610530,01-12-1981
15,Adam Clark,W06120402,10-06-1993
16,Diane Ritter,U37349664,05-05-1996
17,Heather Scott,J34719947,02-05-1973
18,Leslie Howard,J86333952,22-09-1971
19,Zachary Davenport,R17782317,29-12-1971
20,Casey Bennett,M25657749,12-03-1984
21,Alejandro Allen,T33834498,20-05-1992
22,Corey Elliott,V79731274,04-10-1979
23,Victoria Brennan,D76513142,19-06-1977
24,Angela Reynolds,E44895667,09-08-1982
25,Emma Scott,N49905893,29-07-1989
26,Suzanne Goodman,K07643594,16-11-1987
27,Maria Perez,P11550487,11-08-1996
28,Robert Butler,G04408945,02-02-1974
29,Danielle Johnson,J39937043,18-12-1981
30,John Mcneil,N15841852,15-06-1981
31,James Hunter,O01507856,14-05-1995
32,Andrew Malone,O41678476,24-06-1996
33,James Rojas,X49704522,29-05-1986
34,Julia Watkins,L94336722,25-08-1995
35,Brittany Jones,D84069297,30-04-1978
36,Justin Hudson,F70729457,12-02-1994
37,Cassandra Kirby,V39868007,02-04-1997
38,Kimberly Hansen,Y33413387,02-07-1989
39,Jonathan Sims,O04335063,13-04-1974
40,James Johnson,D64763364,09-06-1994
41,Paul Brown,U68917595,24-08-1987
42,Joseph Wilson,Z09262256,28-07-1993
43,Erica Ochoa,J46009647,11-03-1994
44,Vicki Ward,Y23187711,31-08-1981
45,Emily Sullivan,I63697476,25-07-1991
46,Kathleen Johnson,Y05451726,24-02-1973
47,Jennifer Eaton,F69466449,29-08-1995
48,John Lee,N47846939,25-01-1996
49,Alfred Martin Jr.,I71542181,10-11-1989
50,Amanda Mccarthy,J33947155,25-08-1995
51,John Luna,R10584802,04-11-1983
52,Ann Robertson,H44001820,27-04-1998
53,Susan Stewart MD,J47009281,08-02-1997
54,Patrick Choi,D39176940,26-06-1985
55,Kathy Luna,T72132858,13-07-1990
56,Brian Mitchell,C63211080,04-05-1983
57,Michael Mcdaniel,D46250570,04-11-1994
58,Patricia Parker,Q62966391,07-08-1994
59,Gary Vasquez,N68461604,21-11-1984
60,Sarah Williams,L97895867,06-11-1992
61,Gregory Bradley,Y88079794,18-04-1986
62,Lucas Jones,T59160871,02-03-1992
63,Katherine Perez,Y13424296,29-07-1978
64,Joel Compton,T18212951,03-03-1991
65,Janice Smith,A40223024,25-03-1993
66,Sheri Mcdonald,O85238546,14-03-1984
67,Kayla Douglas,N24258653,28-04-1970
68,Amanda Ruiz,F23633774,09-07-1977
69,Samantha Martin,Z87364523,26-03-1981
70,Todd Wilkins,F89276118,30-01-1991
71,Katrina Frye,F09235820,11-10-1995
72,David Keller,R56995721,24-07-1975
73,Isaiah Wood,Q76465555,05-11-1980
74,Matthew Simmons,Z51226931,18-05-1978
75,Mikayla White,J76795477,30-09-1984
76,Alexis Smith,D99418548,21-03-1997
77,Tina Shaw,B30315997,26-10-1996
78,Brian Garcia,C59429415,20-04-1992
79,Laura Marshall,N55362278,19-05-1991
80,Meghan Davis,P84627985,15-11-1970
81,Gregory Andrade,S05106445,20-12-1984
82,Jessica Macias,I71394677,12-04-1986
83,Jerry Park,G69357980,28-06-1980
84,Gabrielle Alvarez,W23173820,04-11-1992
85,Nicole Petty,Y38354449,07-02-1988
86,Robert Kelly,I78807927,26-02-1975
87,Jane Berger,A17367163,29-05-1987
88,Alexander Martin,G96421276,24-04-1980
89,Amanda Andrade,S03830222,06-11-1993
90,Heather Smith,X91486662,13-11-1976
91,Diane Swanson,F08731569,14-02-1974
92,Gabriel Palmer,O88716397,18-08-1981
93,Eric Phelps,B96464671,01-10-1994
94,Jason Edwards,J22810925,09-02-1975
95,Melissa Jimenez,W08204144,18-12-1998
96,Francisco Rich,D89562085,21-02-1996
97,Rodney Wilson,R08362516,18-10-1973
98,Matthew Walsh,S26547035,20-09-1993
99,Brian Berry,N92528667,22-12-1998
100,Jacob Duran,A85793465,25-02-1988
101,Linda Warren,L01109034,13-03-1975
102,Danny Pratt,E10934506,31-10-1998
103,Samuel Jimenez,B79815379,07-01-1984
104,Laura Ward,I74549867,23-01-1981
105,Patricia Norris,Y69764268,08-12-1974
106,Michael Chavez,O16330677,28-08-1976
107,Jill Haas,U50608611,10-04-1986
108,Alex Deleon,A35692355,03-10-1979
109,James Singleton,U46471214,12-08-1977
110,Rebecca Valenzuela,G17571521,18-08-1971
111,Jessica Harvey,L89163667,08-04-1996
112,Patricia Alvarado,P27318304,01-08-1983
113,Ronnie Macias,J06543685,12-02-1988
114,Kristina Gilmore,B29047250,13-12-1985
115,Ronald Monroe,C02131672,12-09-1984
116,Joe Cabrera,O98651462,13-08-1994
117,Gene Obrien,Q49180524,02-07-1999
118,Desiree Williams,Z32250364,19-03-1993
119,Kimberly Brown,H50641909,02-09-1999
120,Latasha Nelson,V51246373,09-05-1986
121,Ronnie Moore,L28170812,12-01-1997
122,Curtis Gutierrez,Q46419538,14-03-1974
123,Heather Arnold,Y81323264,10-01-1999
124,Tracey Harris,C97271665,05-06-1978
125,Adam Herrera,Y37241205,04-12-1976
126,Michael Compton,T63857772,07-01-1980
127,Isaiah Riley,W12727804,18-09-1986
128,Darrell Henderson,I87476188,14-03-1975
129,Melanie Cummings,J00360904,01-09-1980
130,Kenneth Brady,O21522167,06-11-1981
131,Deborah Martinez,G18065401,03-02-1987
132,Bradley Glenn,U87751971,17-10-1975
133,Miguel Oliver,E21376006,27-08-1992
134,Sara Sims,F00773862,10-07-1999
135,Jeffrey Roberts,G16561693,02-12-1971
136,Samantha Mora,P24467352,27-10-1990
137,Nicholas Simmons,W03439988,03-08-1994
138,Elizabeth Jordan,S70038299,16-09-1974
139,John Ross,F40422038,16-03-1979
140,Daniel Callahan,X88103341,13-09-1987
141,Steven Hernandez,Z48029074,18-11-1997
142,David Tran,B62958600,07-08-1975
143,Alex Walsh,W59287703,12-12-1985
144,Mr. James Baxter,H06267236,03-05-1982
145,Justin Martin,U66847209,08-07-1984
146,Linda Paul,L91489362,12-01-1983
147,Kerry Quinn,I14085439,15-01-1978
148,Jason Moore,T50398906,27-01-1991
149,Rachael Vasquez,U79474626,31-10-1998
150,David Robinson,O66207589,04-05-1983
